GEOID,OA_CntEst_n,OA_PctEst_n,OA_CntEst,OA_PctEst,U_TPopEst,test_pct
34005700102,520,15.9,520,0.188,2761,0.18833755885548714
34005700103,411,15.3,411,0.159,2583,0.15911730545876887
34005700104,261,11.8,261,0.134,1955,0.13350383631713555
34005700200,456,16.6,456,0.167,2736,0.16666666666666666
34005700303,688,18.7,688,0.189,3642,0.18890719384953322
34005700304,383,14.8,383,0.153,2501,0.1531387445021991
34005700305,1048,18.4,1048,0.203,5164,0.2029434546862897
34005700306,430,15.7,430,0.174,2470,0.17408906882591094
34005700307,484,15.1,484,0.176,2754,0.1757443718228032
34005700401,353,13.4,353,0.166,2130,0.16572769953051644
34005700402,584,17.9,584,0.181,3223,0.1811976419484952
34005700403,807,13.7,807,0.178,4522,0.17846085802742148
34005700405,294,13.9,294,0.154,1912,0.15376569037656904
34005700407,503,4.5,503,0.095,5280,0.09526515151515151
34005700408,327,6.6,327,0.169,1936,0.16890495867768596
34005700501,968,13,968,0.171,5659,0.17105495670613183
34005700502,366,16.1,366,0.161,2280,0.16052631578947368
34005700503,624,13.4,624,0.17,3671,0.16998093162625988
34005700504,565,12.7,565,0.19,2977,0.18978837756130332
34005700505,1167,18.7,1167,0.194,6028,0.1935965494359655
34005700602,812,11.6,812,0.131,6222,0.13050466088074575
34005700603,743,8.5,743,0.125,5962,0.12462260986246226
34005700605,716,15.6,716,0.155,4626,0.15477734543882404
34005700701,424,11.1,424,0.137,3095,0.1369951534733441
34005700702,256,6.6,256,0.092,2791,0.09172339663203152
34005700703,138,4.9,138,0.065,2119,0.06512505899008966
34005700800,833,18.2,833,0.185,4513,0.18457788610680256
34005700900,340,13.5,340,0.134,2538,0.13396375098502758
34005701001,895,16.6,895,0.179,4988,0.17943063352044908
34005701002,560,13.1,560,0.146,3847,0.14556797504549
34005701102,793,10.4,793,0.145,5462,0.14518491395093372
34005701103,547,10.4,547,0.087,6312,0.08666032953105196
34005701104,619,9.1,619,0.136,4538,0.1364037020713971
34005701105,882,12.1,882,0.139,6348,0.1389413988657845
34005701201,502,12.8,502,0.154,3268,0.1536107711138311
34005701203,258,12.3,258,0.138,1866,0.1382636655948553
34005701204,450,9.4,450,0.179,2516,0.17885532591414943
34005701205,327,8.3,327,0.149,2200,0.14863636363636365
34005701301,690,10.5,690,0.158,4366,0.15803939532753092
34005701302,384,13,384,0.135,2835,0.13544973544973546
34005701303,1036,19.7,1036,0.191,5437,0.19054625712709214
34005701401,1139,17.5,1139,0.176,6478,0.17582587218277246
34005701402,1370,60.2,1370,0.647,2117,0.6471421823334907
34005701502,766,16.6,766,0.186,4117,0.18605780908428468
34005701700,525,13.2,525,0.136,3874,0.13551884357253485
34005702101,0,0,0,0,4114,0
34005702203,706,19.3,706,0.209,3371,0.20943340255117177
34005702204,324,12.7,324,0.14,2314,0.14001728608470182
34005702206,329,12.2,329,0.159,2074,0.15863066538090645
34005702207,516,12.3,516,0.166,3111,0.16586306653809066
34005702208,875,11,875,0.127,6900,0.12681159420289856
34005702209,279,9.9,279,0.084,3337,0.08360803116571772
34005702210,643,12.4,643,0.141,4561,0.1409778557333918
34005702300,234,15.2,234,0.155,1511,0.15486432825943083
34005702400,459,13.6,459,0.136,3363,0.13648528099910795
34005702500,716,12.2,716,0.119,6036,0.11862160371106693
34005702601,642,12.4,642,0.153,4199,0.15289354608240058
34005702603,257,7,257,0.094,2722,0.0944158706833211
34005702700,1041,11.7,1041,0.119,8759,0.11884918369676904
34005702801,321,14.5,321,0.154,2079,0.1544011544011544
34005702802,737,21.8,737,0.213,3456,0.21325231481481483
34005702803,669,18.7,669,0.175,3833,0.17453691625358728
34005702804,472,12.5,472,0.18,2621,0.18008393742846243
34005702805,570,10.4,570,0.139,4100,0.13902439024390245
34005702806,425,11.7,425,0.122,3485,0.12195121951219512
34005702807,487,11.4,487,0.151,3219,0.15128922025473748
34005702808,496,18.8,496,0.155,3204,0.15480649188514356
34005702809,205,8.9,205,0.11,1859,0.11027434104357181
34005702810,341,27.6,341,0.29,1175,0.29021276595744683
34005702811,575,20,575,0.237,2431,0.2365281777046483
34005702905,708,14.2,708,0.17,4165,0.16998799519807922
34005702906,467,17.7,467,0.223,2097,0.22269909394372914
34005702907,911,32.4,911,0.331,2751,0.3311523082515449
34005702908,1558,26.4,1558,0.382,4080,0.3818627450980392
34005702909,798,13.2,798,0.129,6177,0.12918892666342885
34005702910,647,11.4,647,0.119,5454,0.11862852951961862
34005702913,765,15,765,0.166,4617,0.16569200779727095
34005702914,516,9.8,516,0.116,4462,0.11564320932317347
34005702915,397,9.1,397,0.089,4478,0.08865564984368021
34005702917,266,13.3,266,0.144,1853,0.14355099838100377
34005702918,161,9.5,161,0.094,1715,0.09387755102040816
34005703000,948,13.9,948,0.155,6105,0.15528255528255527
34005703102,356,12,356,0.13,2738,0.13002191380569758
34005703103,427,6.8,427,0.091,4674,0.09135643988018828
34005703104,712,12,712,0.142,5015,0.1419740777666999
34005703201,626,15.8,626,0.167,3752,0.1668443496801706
34005703202,463,16.9,463,0.168,2756,0.16799709724238027
34005703203,2420,59.1,2420,0.632,3828,0.632183908045977
34005703600,1082,15.7,1082,0.156,6945,0.15579553635709142
34005703700,794,12,794,0.122,6488,0.12237977805178792
34005703801,1286,15.8,1286,0.185,6935,0.18543619322278299
34005703802,693,15.7,693,0.17,4088,0.1695205479452055
34005703803,1052,20.8,1052,0.216,4872,0.21592775041050905
34005703804,1100,14,1100,0.148,7420,0.14824797843665768
34005703900,666,15,666,0.163,4081,0.16319529527076698
34005704004,422,10.5,422,0.112,3755,0.11238348868175765
34005704005,766,16,766,0.197,3895,0.19666238767650834
34005704006,366,13.4,366,0.159,2307,0.15864759427828348
34005704007,1042,21.3,1042,0.278,3753,0.277644551025846
34005704008,925,13.6,925,0.173,5361,0.17254243611266554
34005704009,591,10.8,591,0.124,4778,0.12369192130598577
34005704011,430,11.5,430,0.139,3092,0.1390685640362225
34005704012,550,10.3,550,0.102,5370,0.10242085661080075
34005704013,603,10.3,603,0.115,5249,0.11487902457610974
34005704014,1498,15.4,1498,0.187,8018,0.1868296333250187
34005704200,854,8.8,854,0.104,8229,0.10377931704945922
34005704302,702,11.3,702,0.117,5980,0.11739130434782609
34005704500,570,12.3,570,0.134,4243,0.1343389111477728
34005704600,306,11.4,306,0.122,2511,0.12186379928315412
34005704700,565,13.7,565,0.152,3718,0.15196342119419043
34005704801,139,3.5,139,0.04,3438,0.040430482838859805
34005704802,202,3.9,202,0.035,5704,0.03541374474053296
34005981802,4,0,4,0.002,1641,0.002437538086532602
34005982111,0,0,0,0,1195,0
34007600200,172,11.6,172,0.096,1791,0.096035734226689
34007600400,307,9.4,307,0.107,2857,0.10745537276863844
34007600700,145,6.7,145,0.102,1423,0.10189739985945186
34007600800,509,7.8,509,0.1,5105,0.09970617042115573
34007600900,340,6.2,340,0.079,4311,0.07886801206216655
34007601000,343,4.3,343,0.052,6578,0.05214350866524779
34007601101,194,4,194,0.059,3266,0.05939987752602572
34007601102,477,7.9,477,0.081,5892,0.08095723014256619
34007601200,503,8.3,503,0.088,5747,0.08752392552636158
34007601300,460,11.9,460,0.106,4340,0.10599078341013825
34007601400,462,7.3,462,0.102,4527,0.10205434062292909
34007601500,478,9,478,0.082,5808,0.08230027548209366
34007601600,162,6.8,162,0.065,2492,0.06500802568218299
34007601700,283,10,283,0.087,3267,0.08662381389654117
34007601800,113,0.7,113,0.081,1394,0.08106169296987087
34007601900,311,6.3,311,0.102,3046,0.10210111621799081
34007602000,277,3.7,277,0.042,6617,0.041861870938491766
34007602503,495,21.5,495,0.203,2437,0.20311858842839556
34007602601,370,13.6,370,0.136,2730,0.13553113553113552
34007602602,324,9.1,324,0.117,2773,0.11684096646231518
34007602901,972,21.3,972,0.2,4857,0.20012353304508956
34007602902,422,11.2,422,0.133,3183,0.13257932767829092
34007603001,414,9.6,414,0.106,3900,0.10615384615384615
34007603002,565,12,565,0.125,4519,0.125027660986944
34007603100,589,13.5,589,0.156,3771,0.15619199151418722
34007603200,1249,14.9,1249,0.187,6667,0.18734063296835157
34007603301,784,10.2,784,0.154,5088,0.1540880503144654
34007603302,828,12,828,0.126,6583,0.12577852043141424
34007603303,859,23.9,859,0.309,2780,0.30899280575539567
34007603400,1312,13.7,1312,0.179,7322,0.1791860147500683
34007603501,1090,15.8,1090,0.174,6257,0.17420489052261467
34007603503,1021,22,1021,0.229,4462,0.22882115643209322
34007603504,510,17,510,0.191,2670,0.19101123595505617
34007603505,520,12.9,520,0.151,3449,0.15076833864888373
34007603506,1135,20.5,1135,0.183,6214,0.1826520759575153
34007603507,1352,16.8,1352,0.195,6926,0.19520646838001732
34007603601,805,18.9,805,0.219,3671,0.21928629801144103
34007603602,451,16,451,0.18,2507,0.17989629038691662
34007603603,416,17.2,416,0.181,2293,0.1814217182730048
34007603700,453,10.3,453,0.111,4087,0.11083924639099584
34007603800,668,10.6,668,0.126,5305,0.12591894439208295
34007603901,1205,20,1205,0.237,5091,0.23669220192496562
34007603902,613,19.9,613,0.213,2883,0.21262573707943114
34007604100,183,6.1,183,0.062,2955,0.06192893401015229
34007604200,524,12.9,524,0.157,3348,0.15651135005973715
34007604300,661,14.2,661,0.175,3778,0.1749602964531498
34007604400,524,11.3,524,0.15,3493,0.15001431434297166
34007604600,285,13.7,285,0.142,2007,0.14200298953662183
34007604700,253,9.6,253,0.127,1993,0.12694430506773707
34007605100,339,12,339,0.155,2181,0.15543328748280605
34007605200,420,14.2,420,0.152,2761,0.15211879753712423
34007605300,217,9.5,217,0.111,1954,0.11105424769703173
34007605400,370,14.5,370,0.147,2512,0.14729299363057324
34007605602,337,8.1,337,0.119,2840,0.11866197183098591
34007605700,497,12.9,497,0.14,3539,0.14043515117264765
34007605800,495,14.5,495,0.176,2814,0.17590618336886993
34007605900,422,13.3,422,0.157,2680,0.15746268656716417
34007606000,470,19.1,470,0.234,2012,0.23359840954274355
34007606100,283,13.6,283,0.13,2171,0.13035467526485492
34007606200,759,19.5,759,0.195,3890,0.19511568123393316
34007606300,422,12.9,422,0.181,2336,0.18065068493150685
34007606400,547,17.1,547,0.179,3056,0.17899214659685864
34007606500,624,15.7,624,0.213,2923,0.21347930208689703
34007606600,350,14.7,350,0.162,2162,0.16188714153561518
34007606700,752,11.8,752,0.161,4669,0.16106232597986722
34007606800,611,14.4,611,0.164,3729,0.1638508983641727
34007607000,749,13.7,749,0.164,4563,0.1641463949156257
34007607100,507,11.7,507,0.136,3721,0.13625369524321418
34007607200,623,10.7,623,0.133,4673,0.13331906698052642
34007607300,497,7.5,497,0.115,4321,0.1150196713723675
34007607401,472,15.8,472,0.169,2788,0.16929698708751795
34007607402,358,11.6,358,0.139,2574,0.13908313908313907
34007607502,1925,25.7,1925,0.332,5799,0.33195378513536816
34007607503,1155,16.4,1155,0.175,6609,0.17476168860644575
34007607504,468,13.5,468,0.132,3540,0.13220338983050847
34007607505,789,17.7,789,0.159,4972,0.1586886564762671
34007607506,315,9.5,315,0.103,3046,0.10341431385423507
34007607507,1030,17.3,1030,0.192,5363,0.19205668469140408
34007607600,387,16.1,387,0.179,2157,0.17941585535465926
34007607701,601,7.4,601,0.11,5478,0.10971157356699525
34007607702,738,10.4,738,0.192,3838,0.19228764981761334
34007607801,566,8.3,566,0.094,5999,0.09434905817636273
34007607802,320,11.3,320,0.148,2167,0.14766958929395477
34007607900,284,13.8,284,0.146,1950,0.14564102564102563
34007608001,418,12.6,418,0.122,3438,0.12158231529959279
34007608202,586,12.7,586,0.151,3869,0.15146032566554665
34007608205,718,16.5,718,0.17,4214,0.1703844328429046
34007608206,609,14.8,609,0.168,3616,0.16841814159292035
34007608209,572,19.2,572,0.182,3151,0.18152967311964455
34007608210,293,7,293,0.073,4039,0.07254270859123546
34007608211,867,11.8,867,0.148,5869,0.14772533651388653
34007608302,801,14.3,801,0.172,4665,0.17170418006430868
34007608303,347,11.8,347,0.116,2983,0.11632584646329198
34007608304,893,12.5,893,0.133,6715,0.13298585256887566
34007608401,379,9.4,379,0.099,3845,0.09856957087126138
34007608402,590,12.6,590,0.153,3855,0.15304798962386512
34007608403,280,3.9,280,0.04,6989,0.04006295607383031
34007608404,894,12.6,894,0.152,5892,0.15173116089613034
34007608503,251,10.4,251,0.085,2938,0.08543226684819605
34007608504,366,7.5,366,0.111,3298,0.11097634930260764
34007608600,563,9,563,0.114,4924,0.11433793663688059
34007608700,1325,16.3,1325,0.174,7620,0.17388451443569553
34007608800,943,15.4,943,0.174,5411,0.174274625762336
34007608901,761,10.5,761,0.122,6231,0.12213127908842883
34007608903,446,13.2,446,0.14,3184,0.14007537688442212
34007608904,207,14.2,207,0.158,1306,0.1584992343032159
34007609000,391,18,391,0.239,1639,0.23856009762050032
34007609103,737,9.5,737,0.139,5287,0.13939852468318517
34007609201,395,7.7,395,0.088,4495,0.0878754171301446
34007609202,413,5.7,413,0.083,4974,0.08303176517893043
34007609203,991,11.8,991,0.105,9458,0.10477902304927046
34007609204,559,13.1,559,0.146,3822,0.14625850340136054
34007609205,659,8.8,659,0.102,6487,0.10158779096654848
34007610300,360,11.3,360,0.169,2132,0.16885553470919323
34007610400,424,6.8,424,0.078,5412,0.07834441980783444
34007610500,703,9,703,0.098,7209,0.0975169926480788
34007610600,303,20.3,303,0.249,1217,0.24897288414133115
34007610800,612,16.5,612,0.204,3006,0.20359281437125748
34007610900,728,17.9,728,0.217,3362,0.2165377751338489
34007611000,498,7.4,498,0.078,6415,0.07763055339049103
34007611100,726,18.6,726,0.226,3211,0.2260977888508253
34007611200,773,13.4,773,0.173,4478,0.17262170611880304
34007611300,967,18.8,967,0.222,4347,0.2224522659305268
34007611400,456,9.6,456,0.108,4240,0.10754716981132076
34007611500,920,15.4,920,0.188,4894,0.1879852881078872
34007611600,654,13.2,654,0.178,3674,0.17800762112139357
34007611700,369,12,369,0.12,3087,0.119533527696793
34015500100,547,7.6,547,0.129,4233,0.12922277344672808
34015500201,376,13.2,376,0.155,2425,0.1550515463917526
34015500202,684,14.2,684,0.153,4464,0.1532258064516129
34015500203,703,12.2,703,0.152,4632,0.15177029360967184
34015500204,1095,16.8,1095,0.17,6437,0.17011029982911294
34015500205,951,25.7,951,0.273,3485,0.27288378766140603
34015500300,350,11.2,350,0.116,3012,0.11620185922974767
34015500400,676,7,676,0.112,6009,0.11249791978698619
34015500500,918,14.8,918,0.189,4870,0.18850102669404517
34015500600,1305,11.4,1305,0.127,10252,0.12729223566133438
34015500701,1265,13.9,1265,0.163,7751,0.1632047477744807
34015500702,739,12.2,739,0.124,5947,0.12426433495880276
34015500703,210,13.7,210,0.143,1465,0.14334470989761092
34015500800,299,12.7,299,0.138,2163,0.1382339343504392
34015500900,466,12.7,466,0.154,3027,0.15394780310538486
34015501001,206,10,206,0.094,2196,0.09380692167577413
34015501002,741,13.1,741,0.18,4119,0.1798980335032775
34015501003,413,12.9,413,0.111,3709,0.11135076840118631
34015501101,1014,16.6,1014,0.233,4349,0.23315704759714878
34015501102,888,13.1,888,0.133,6701,0.13251753469631397
34015501103,592,10.8,592,0.118,5013,0.11809295830839817
34015501104,631,17.7,631,0.201,3145,0.20063593004769475
34015501105,481,15.9,481,0.158,3049,0.15775664152181043
34015501106,732,15,732,0.187,3912,0.18711656441717792
34015501107,633,9.2,633,0.143,4421,0.14318027595566613
34015501201,828,13.9,828,0.133,6211,0.13331186604411527
34015501202,635,12.9,635,0.136,4661,0.1362368590431238
34015501203,539,14.7,539,0.17,3162,0.17046173308032891
34015501204,667,13.9,667,0.172,3875,0.17212903225806453
34015501205,293,8.2,293,0.103,2855,0.10262697022767076
34015501206,876,16.1,876,0.241,3629,0.24138881234499862
34015501208,993,22.3,993,0.245,4052,0.24506416584402765
34015501209,1062,14.9,1062,0.139,7644,0.1389324960753532
34015501210,422,11.8,422,0.115,3660,0.11530054644808743
34015501212,420,7.2,420,0.112,3750,0.112
34015501213,612,11.5,612,0.127,4802,0.12744689712619742
34015501301,549,12.5,549,0.153,3586,0.15309537088678193
34015501302,314,7.7,314,0.112,2807,0.11186319914499465
34015501303,613,16.9,613,0.243,2523,0.24296472453428458
34015501402,366,8.6,366,0.108,3388,0.10802833530106257
34015501403,679,16.1,679,0.181,3752,0.18097014925373134
34015501404,106,3.2,106,0.034,3097,0.0342266709719083
34015501405,474,8.7,474,0.118,4033,0.11753037441110836
34015501406,688,14.3,688,0.14,4925,0.13969543147208122
34015501500,1088,12.1,1088,0.13,8386,0.12974004292869068
34015501603,1584,20.7,1584,0.248,6386,0.248042593172565
34015501604,872,9.9,872,0.119,7355,0.1185588035350102
34015501605,933,18.5,933,0.197,4731,0.19720989220038046
34015501606,993,13.1,993,0.14,7113,0.13960354280894138
34015501608,782,14.8,782,0.148,5266,0.14849981010254462
34015501609,443,7.4,443,0.075,5916,0.0748816768086545
34015501701,559,7.5,559,0.106,5276,0.10595147839272176
34015501702,370,14.6,370,0.147,2523,0.1466508125247721
34015501703,602,16.6,602,0.141,4265,0.14114888628370456
34015501704,564,12.3,564,0.123,4575,0.12327868852459016
34015501800,249,14.1,249,0.149,1668,0.14928057553956833
34015501900,653,16.2,653,0.158,4134,0.15795839380745041
34015502001,335,4.2,335,0.06,5576,0.06007890961262554
34015502002,917,11.5,917,0.127,7228,0.1268677365799668
34015502100,366,13.7,366,0.114,3203,0.11426787386824852
34015502200,1111,9.2,1111,0.093,11886,0.09347131078579841
34015502300,278,9.2,278,0.107,2606,0.10667689946277821
34015502400,426,8.6,426,0.071,5995,0.07105921601334446
34021000100,307,7.7,307,0.095,3225,0.0951937984496124
34021000200,246,6.9,246,0.065,3796,0.06480505795574289
34021000300,220,2.4,220,0.05,4399,0.050011366219595364
34021000400,271,4,271,0.056,4849,0.0558878119199835
34021000500,160,1.1,160,0.037,4291,0.0372873456070846
34021000600,462,4.1,462,0.095,4846,0.09533635988444078
34021000700,170,1.5,170,0.062,2755,0.06170598911070781
34021000800,194,7.7,194,0.087,2237,0.08672329012069736
34021000900,322,5.4,322,0.097,3317,0.0970756707868556
34021001000,510,18.2,510,0.192,2653,0.19223520542781755
34021001101,389,15.1,389,0.17,2285,0.17024070021881837
34021001102,368,7.5,368,0.101,3644,0.10098792535675083
34021001200,508,9.7,508,0.121,4212,0.12060778727445394
34021001300,514,8.7,514,0.112,4584,0.11212914485165794
34021001401,452,12.1,452,0.111,4058,0.11138491867915229
34021001402,248,9.6,248,0.116,2131,0.11637728765837635
34021001500,303,9,303,0.101,3011,0.100631019594819
34021001600,98,7.3,98,0.081,1206,0.0812603648424544
34021001700,293,4.5,293,0.078,3780,0.07751322751322752
34021001800,476,6,476,0.098,4870,0.09774127310061602
34021001900,115,4.9,115,0.07,1635,0.07033639143730887
34021002000,119,11.3,119,0.104,1142,0.1042031523642732
34021002100,593,10.3,593,0.119,4999,0.11862372474494899
34021002200,472,7.1,472,0.087,5415,0.087165281625115415
34021002400,49,4,49,0.04,1219,0.04019688269073011
34021002500,857,12.6,857,0.14,6115,0.1401471790678659
34021002601,443,11.5,443,0.102,4362,0.10155891792755617
34021002602,622,9.7,622,0.14,4454,0.1396497530309834
34021002701,512,7.1,512,0.12,4262,0.12013139371187236
34021002702,1119,16.9,1119,0.175,6396,0.174953095684803
34021002800,723,10.2,723,0.102,7077,0.10216193302246715
34021002902,523,7.4,523,0.107,4879,0.10719409715105555
34021002903,464,11.8,464,0.153,3041,0.152581387701414
34021002904,738,14.9,738,0.139,5296,0.13935045317220543
34021003001,1154,16.5,1154,0.193,5969,0.19333221645166696
34021003002,980,16.5,980,0.178,5501,0.17814942737684059
34021003003,1463,21.2,1463,0.236,6195,0.23615819209039549
34021003004,1284,19.7,1284,0.247,5201,0.24687560084599117
34021003006,925,11.8,925,0.156,5919,0.15627639804020949
34021003007,404,10,404,0.114,3555,0.11364275668073136
34021003008,1194,18.8,1194,0.22,5438,0.21956601691798455
34021003009,1384,19.9,1384,0.268,5169,0.2677500483652544
34021003100,568,9.9,568,0.126,4511,0.12591443138993572
34021003201,867,10.3,867,0.115,7538,0.1150172459538339
34021003202,1574,23.6,1574,0.277,5687,0.2767715843151046
34021003301,1507,16.2,1507,0.207,7283,0.2069202251819305
34021003302,977,11.9,977,0.119,8204,0.11908824963432472
34021003400,351,13,351,0.139,2531,0.13868036349269064
34021003500,1380,15.9,1380,0.198,6963,0.19819043515725981
34021003601,378,9.9,378,0.1,3797,0.09955227811430076
34021003602,527,13.6,527,0.156,3385,0.15568685376661742
34021003703,709,10.5,709,0.099,7152,0.0991331096196868
34021003704,430,15.5,430,0.161,2671,0.16098839385997754
34021003705,1182,17.6,1182,0.189,6270,0.18851674641148325
34021003706,708,17.1,708,0.201,3514,0.20147979510529312
34021003800,1079,13.7,1079,0.144,7484,0.14417423837520044
34021003902,267,13,267,0.14,1904,0.1402310924369748
34021003903,536,16.2,536,0.209,2567,0.20880405142189326
34021003904,1057,18.7,1057,0.176,6007,0.17596137839187614
34021003905,708,13.3,708,0.143,4949,0.14305920387957163
34021004000,869,12,869,0.162,5355,0.16227824463118581
34021004201,1465,19,1465,0.2,7338,0.1996456800218043
34021004203,651,17.7,651,0.157,4140,0.1572463768115942
34021004204,811,13.7,811,0.146,5547,0.14620515594014782
34021004301,563,5.7,563,0.065,8639,0.0651695798124783
34021004304,1512,19.4,1512,0.189,8004,0.1889055472263868
34021004306,521,7.3,521,0.094,5538,0.09407728421812929
34021004307,759,13.5,759,0.131,5807,0.13070432236955398
34021004309,359,5.7,359,0.079,4550,0.0789010989010989
34021004310,977,5.8,977,0.102,9565,0.10214323052796655
34021004403,736,11.9,736,0.133,5532,0.13304410701373826
34021004404,812,11,812,0.115,7034,0.11543929485356838
34021004405,976,9.6,976,0.122,8011,0.12183248033953314
34021004406,1004,17,1004,0.199,5046,0.19896948077685295
34021004407,787,12.3,787,0.106,7402,0.1063226155093218
34021004501,284,4.4,284,0.043,6567,0.04324653570884727
34021004502,402,30.8,402,0.329,1221,0.32923832923832924
42017100102,529,15.7,529,0.178,2976,0.17775537634408603
42017100103,527,22.2,527,0.22,2395,0.22004175365344467
42017100104,679,10.4,679,0.149,4567,0.14867527917670242
42017100105,523,13.1,523,0.16,3261,0.1603802514566084
42017100201,845,14.3,845,0.187,4512,0.18727836879432624
42017100206,592,8.2,592,0.116,5125,0.11551219512195122
42017100207,1132,26.4,1132,0.266,4249,0.2664156272064015
42017100208,734,12.5,734,0.125,5889,0.12463915775174053
42017100209,921,9.5,921,0.104,8845,0.10412662521198417
42017100210,1084,10.9,1084,0.146,7405,0.1463875759621877
42017100211,1089,12.4,1089,0.15,7251,0.15018618121638394
42017100212,601,14.4,601,0.155,3879,0.15493683939159578
42017100302,531,9.4,531,0.11,4810,0.1103950103950104
42017100303,785,13.3,785,0.155,5053,0.15535325549178705
42017100304,174,9.8,174,0.076,2275,0.07648351648351648
42017100306,472,13.7,472,0.137,3438,0.1372891215823153
42017100307,553,10,553,0.109,5091,0.10862306030249459
42017100401,841,10.7,841,0.135,6208,0.13547036082474226
42017100402,759,10,759,0.103,7404,0.10251215559157212
42017100403,346,12,346,0.149,2318,0.14926660914581535
42017100404,855,11.3,855,0.135,6341,0.13483677653366977
42017100406,764,16.8,764,0.209,3647,0.20948724979435152
42017100407,226,16.9,226,0.21,1075,0.2102325581395349
42017100408,840,11.3,840,0.129,6510,0.12903225806451613
42017100500,503,17.7,503,0.188,2678,0.18782673637042568
42017100600,363,10.8,363,0.1,3639,0.09975267930750206
42017100700,551,15.4,551,0.168,3276,0.1681929181929182
42017100803,727,11.6,727,0.149,4863,0.14949619576393172
42017100804,747,15.2,747,0.19,3928,0.19017311608961304
42017100805,907,12.3,907,0.148,6147,0.14755165121197333
42017100807,1594,32.2,1594,0.38,4193,0.38015740519914143
42017100808,877,16,877,0.172,5088,0.17236635220125787
42017100809,824,12.4,824,0.154,5353,0.15393237436951243
42017100811,342,6.1,342,0.074,4592,0.0744773519163763
42017100900,1060,14,1060,0.133,7979,0.13284872791076577
42017101100,255,8.3,255,0.09,2823,0.09032943676939426
42017101401,724,15.8,724,0.165,4381,0.16525907327094272
42017101403,822,16,822,0.147,5585,0.14717994628469114
42017101404,497,20.7,497,0.211,2358,0.2107718405428329
42017101405,868,13.5,868,0.13,6698,0.12959092266348163
42017101503,867,22,867,0.232,3731,0.23237737871884212
42017101504,968,32.6,968,0.35,2769,0.3495846876128566
42017101505,939,28.9,939,0.286,3278,0.28645515558267237
42017101506,1065,18.7,1065,0.199,5354,0.19891669779604035
42017101603,499,12.6,499,0.143,3494,0.14281625643961077
42017101605,486,8.5,486,0.115,4222,0.11511132164850782
42017101607,1112,28.7,1112,0.356,3124,0.3559539052496799
42017101609,903,18.6,903,0.206,4373,0.2064943974388292
42017101610,1064,19.2,1064,0.224,4756,0.223717409587889
42017101611,1825,24,1825,0.264,6901,0.2644544268946529
42017101802,638,10,638,0.098,6526,0.09776279497395035
42017101803,1629,18.6,1629,0.196,8308,0.19607607125662013
42017101805,241,9.1,241,0.112,2155,0.11183294663573086
42017101807,495,12.4,495,0.117,4218,0.11735419630156473
42017101808,472,14.1,472,0.184,2572,0.18351477449455678
42017101900,476,9.5,476,0.117,4054,0.11741489886531821
42017102002,498,17.9,498,0.187,2669,0.1865867366054702
42017102003,505,13.3,505,0.129,3911,0.12912298644847864
42017102004,801,12.6,801,0.175,4578,0.17496723460026212
42017102102,588,17.6,588,0.174,3386,0.17365623154164206
42017102104,1047,16.1,1047,0.189,5538,0.18905742145178764
42017102300,753,11.5,753,0.131,5728,0.1314594972067039
42017102401,587,15.3,587,0.152,3852,0.1523883696780893
42017102402,567,9.6,567,0.122,4643,0.12211931940555676
42017102500,447,10.2,447,0.106,4226,0.10577378135352579
42017102600,548,15.8,548,0.248,2211,0.24785165083672547
42017102700,1517,27.3,1517,0.288,5264,0.2881838905775076
42017102801,552,17.5,552,0.159,3472,0.15898617511520738
42017103101,274,8.5,274,0.114,2397,0.11430955360867752
42017103102,258,10.9,258,0.132,1956,0.13190184049079753
42017103103,951,13.7,951,0.211,4516,0.21058458813108946
42017103300,433,21.5,433,0.209,2069,0.20927984533591107
42017103400,998,18.8,998,0.198,5038,0.1980944819372767
42017103700,607,18.2,607,0.178,3415,0.17774524158125915
42017103800,265,20.5,265,0.217,1223,0.21668029435813574
42017103900,954,22.8,954,0.24,3969,0.24036281179138322
42017104000,1045,14.3,1045,0.15,6967,0.14999282330988947
42017104100,216,5.1,216,0.102,2121,0.10183875530410184
42017104201,427,14,427,0.144,2973,0.1436259670366633
42017104203,638,12.1,638,0.117,5430,0.11749539594843462
42017104204,313,6.1,313,0.066,4764,0.06570109151973132
42017104301,604,27.1,604,0.23,2624,0.2301829268292683
42017104303,906,16.2,906,0.191,4748,0.19081718618365628
42017104304,249,20.3,249,0.196,1272,0.1957547169811321
42017104400,406,17.8,406,0.17,2385,0.17023060796645703
42017104502,1563,19.2,1563,0.197,7922,0.19729866195405202
42017104503,667,16,667,0.156,4277,0.15595043254617721
42017104505,583,10.6,583,0.101,5795,0.1006039689387403
42017104506,413,16.6,413,0.177,2334,0.17694944301628107
42017104601,1042,23.5,1042,0.232,4483,0.2324336381887129
42017104603,1494,13.5,1494,0.198,7529,0.19843272678974633
42017104604,1116,19.5,1116,0.201,5566,0.20050305425799497
42017104701,1151,20.5,1151,0.345,3341,0.34450763244537563
42017104702,662,19.6,662,0.251,2639,0.25085259568018187
42017104703,652,24.6,652,0.28,2325,0.28043010752688174
42017104800,333,9.8,333,0.11,3025,0.11008264462809918
42017104901,749,7.5,749,0.1,7493,0.09995996263178968
42017104902,1414,20.9,1414,0.198,7149,0.19778990068541055
42017105003,994,18.1,994,0.204,4882,0.20360507988529292
42017105004,1054,16.3,1054,0.191,5520,0.19094202898550725
42017105006,972,17.4,972,0.172,5645,0.17218777679362268
42017105008,605,13.5,605,0.159,3799,0.15925243485127666
42017105009,1012,23.3,1012,0.301,3357,0.30145963658028
42017105010,669,17.8,669,0.173,3874,0.17268972638100155
42017105011,365,8.9,365,0.101,3628,0.100606394707828
42017105012,476,14.4,476,0.161,2955,0.161082910321489
42017105013,975,13.8,975,0.165,5902,0.16519823788546256
42017105100,463,14.4,463,0.149,3098,0.14945125887669464
42017105202,1178,19.4,1178,0.228,5160,0.22829457364341085
42017105203,217,10,217,0.105,2062,0.1052376333656644
42017105206,669,12.4,669,0.137,4900,0.13653061224489796
42017105207,517,7.6,517,0.104,4980,0.10381526104417671
42017105208,265,10,265,0.106,2497,0.10612735282338806
42017105300,395,20.5,395,0.195,2028,0.1947731755424063
42017105400,1523,19.3,1523,0.184,8278,0.18398163807683016
42017105505,714,15.5,714,0.18,3976,0.1795774647887324
42017105506,493,13.8,493,0.122,4028,0.12239324726911618
42017105507,1338,17.9,1338,0.182,7341,0.18226399673069063
42017105508,372,10.8,372,0.107,3492,0.10652920962199312
42017105509,750,14.9,750,0.162,4638,0.16170763260025872
42017105510,939,15.5,939,0.189,4974,0.1887816646562123
42017105511,680,14.6,680,0.161,4213,0.16140517446000474
42017105600,369,13.4,369,0.154,2392,0.15426421404682275
42017105702,312,12.9,312,0.115,2711,0.1150866838804869
42017105704,746,10.2,746,0.112,6657,0.11206249061138651
42017105801,661,9.7,661,0.108,6147,0.10753212949406214
42017105805,828,16.5,828,0.148,5588,0.1481746599856836
42017105807,541,14.2,541,0.143,3795,0.14255599472990776
42017105808,464,9.3,464,0.135,3434,0.1351193942923704
42017105809,619,12.3,619,0.143,4329,0.14298914298914298
42017105810,436,15.3,436,0.192,2276,0.19156414762741653
42017105811,884,12.5,884,0.148,5969,0.14809850896297538
42017105812,259,15,259,0.155,1674,0.15471923536439666
42017105900,334,12.7,334,0.183,1825,0.18301369863013697
42017106000,549,11.5,549,0.133,4140,0.13260869565217392
42017106100,605,16.7,605,0.199,3036,0.19927536231884058
42017106200,3098,40.8,3098,0.465,6666,0.46474647464746477
42017106300,794,11.6,794,0.111,7174,0.11067744633398383
42017106401,935,11.1,935,0.12,7818,0.11959580455359427
42017106402,1176,12.8,1176,0.157,7510,0.15659121171770973
42017106500,1175,12.2,1175,0.173,6784,0.17320165094339623
42017106600,372,18.5,372,0.195,1905,0.1952755905511811
42029300101,511,15.8,511,0.164,3107,0.16446733183134857
42029300103,596,16,596,0.222,2690,0.22156133828996283
42029300104,890,17,890,0.175,5075,0.17536945812807883
42029300106,902,17.9,902,0.192,4693,0.19220115064990412
42029300107,683,17.6,683,0.157,4345,0.1571921749136939
42029300108,949,13.3,949,0.156,6065,0.15647155812036273
42029300109,580,17.3,580,0.165,3516,0.16496018202502843
42029300201,889,13,889,0.174,5108,0.1740407204385278
42029300202,1163,25.5,1163,0.212,5485,0.21203281677301733
42029300301,1101,28.3,1101,0.276,3990,0.27593984962406015
42029300302,605,17.1,605,0.165,3663,0.16516516516516516
42029300303,710,18.9,710,0.227,3123,0.22734550112071725
42029300400,559,15.9,559,0.167,3343,0.1672150762787915
42029300501,590,13,590,0.128,4606,0.12809379070777246
42029300502,547,13.6,547,0.146,3750,0.14586666666666667
42029300600,503,5.5,503,0.097,5212,0.09650805832693783
42029300700,483,8,483,0.095,5064,0.09537914691943128
42029300800,675,19,675,0.158,4278,0.15778401122019636
42029300900,367,15.2,367,0.16,2300,0.15956521739130436
42029301000,1450,18.7,1450,0.198,7314,0.1982499316379546
42029301100,423,9.2,423,0.127,3319,0.12744802651401024
42029301300,1082,14.4,1082,0.16,6745,0.16041512231282432
42029301401,416,15.9,416,0.155,2683,0.15505031680954157
42029301402,872,15.5,872,0.165,5296,0.1646525679758308
42029301500,417,14.2,417,0.16,2611,0.15970892378399082
42029301600,469,16.9,469,0.185,2538,0.18479117415287627
42029301700,418,16.1,418,0.235,1782,0.2345679012345679
42029301800,634,12.3,634,0.128,4953,0.1280032303654351
42029301900,501,12.4,501,0.123,4070,0.12309582309582309
42029302000,708,12.8,708,0.125,5654,0.125221082419526
42029302101,730,11.5,730,0.113,6452,0.11314321140731556
42029302102,710,10,710,0.161,4406,0.16114389468906037
42029302202,911,11,911,0.132,6908,0.13187608569774176
42029302203,666,14.6,666,0.132,5054,0.13177681044717054
42029302204,711,8.4,711,0.11,6465,0.10997679814385151
42029302300,579,10.5,579,0.197,2932,0.19747612551159618
42029302400,493,10.4,493,0.126,3920,0.125765306122449
42029302500,390,5.7,390,0.087,4458,0.08748317631224764
42029302600,234,6.1,234,0.048,4891,0.04784297689634022
42029302702,601,8.8,601,0.12,5020,0.1197211155378486
42029302703,593,14.8,593,0.148,4009,0.1479171863307558
42029302704,629,10.9,629,0.122,5168,0.12171052631578948
42029302705,645,14.1,645,0.156,4122,0.1564774381368268
42029302706,634,11.3,634,0.136,4649,0.13637341363734137
42029302802,1543,28.4,1543,0.31,4977,0.3100261201527024
42029302803,1327,66.5,1327,0.685,1936,0.6854338842975206
42029302804,1045,23.7,1045,0.26,4015,0.2602739726027397
42029302805,831,10.3,831,0.114,7279,0.11416403352108806
42029302901,748,15.4,748,0.158,4749,0.1575068435460097
42029302902,771,12.3,771,0.126,6143,0.12550870909978837
42029303000,485,13,485,0.149,3260,0.14877300613496933
42029303100,609,14.7,609,0.143,4249,0.14332784184514002
42029303301,353,12.1,353,0.116,3037,0.1162331247942048
42029303302,1199,16.4,1199,0.242,4961,0.24168514412416853
42029303401,506,12,506,0.12,4231,0.11959347671945167
42029303402,218,7.9,218,0.114,1908,0.11425576519916142
42029303501,826,19.3,826,0.189,4368,0.1891025641025641
42029303502,431,15,431,0.15,2867,0.15033135681897453
42029303801,674,16.7,674,0.169,3998,0.16858429214607304
42029303802,826,9.7,826,0.096,8640,0.09560185185185185
42029303901,751,13.9,751,0.164,4584,0.1638307155322862
42029303902,840,11.2,840,0.155,5426,0.15481017323995577
42029304000,833,11.7,833,0.171,4863,0.171293440263212
42029304101,597,12.9,597,0.137,4351,0.13720983681912205
42029304102,555,12.3,555,0.155,3589,0.15463917525773196
42029304201,828,9.6,828,0.124,6688,0.12380382775119617
42029304300,1006,11.8,1006,0.127,7927,0.12690803582692065
42029304403,429,9.4,429,0.108,3990,0.10751879699248121
42029304404,713,11.1,713,0.139,5148,0.1385003885003885
42029304405,495,7.9,495,0.079,6238,0.07935235652452709
42029304406,496,14.9,496,0.151,3279,0.1512656297651723
42029304501,577,8.4,577,0.068,8465,0.06816302421736563
42029304502,315,9.1,315,0.104,3035,0.10378912685337727
42029304600,423,11.1,423,0.116,3656,0.11570021881838075
42029304900,1168,11.3,1168,0.145,8059,0.14493113289490012
42029305000,208,7,208,0.12,1738,0.11967779056386652
42029305101,989,20.1,989,0.227,4356,0.2270431588613407
42029305102,540,8.5,540,0.115,4711,0.1146253449373806
42029305300,1257,15.2,1257,0.169,7451,0.16870218762582204
42029305400,253,5.3,253,0.061,4119,0.0614226754066521
42029305500,433,10.7,433,0.122,3554,0.12183455261676984
42029305600,221,6.4,221,0.07,3161,0.06991458399240746
42029305700,279,9.7,279,0.121,2298,0.12140992167101827
42029306000,847,10.7,847,0.112,7545,0.112259774685222
42029306300,239,5.9,239,0.084,2850,0.08385964912280702
42029306501,700,17.1,700,0.158,4429,0.15804922104312485
42029306503,204,6.8,204,0.077,2640,0.07727272727272727
42029306504,405,6.7,405,0.081,5015,0.08075772681954138
42029306600,496,16,496,0.153,3246,0.15280345040049292
42029306700,472,10.7,472,0.106,4464,0.1057347670250896
42029306800,224,14.4,224,0.132,1699,0.1318422601530312
42029306900,468,8.7,468,0.08,5874,0.07967313585291114
42029307000,1701,26.1,1701,0.312,5456,0.311766862170088
42029307100,334,13.3,334,0.145,2298,0.1453437771975631
42029307200,222,17.1,222,0.162,1374,0.1615720524017467
42029307300,498,11.5,498,0.131,3799,0.13108712819162938
42029307400,483,11.6,483,0.132,3670,0.13160762942779292
42029307700,369,12.5,369,0.142,2591,0.1424160555769973
42029307800,375,12.9,375,0.139,2693,0.13924990716672855
42029307900,379,6.6,379,0.075,5023,0.0754529165837149
42029308000,856,11.9,856,0.164,5221,0.16395326565791993
42029308101,379,6.5,379,0.083,4547,0.08335166043545195
42029308102,405,9.7,405,0.093,4336,0.0934040590405904
42029308200,371,13.6,371,0.137,2699,0.13745831789551685
42029310400,2,0,2,0.001,3233,6.186204763377668e-4
42029311000,1110,16.9,1110,0.161,6904,0.16077636152954808
42029311100,1103,29.8,1103,0.304,3632,0.3036894273127753
42029311200,394,19.4,394,0.184,2142,0.1839402427637722
42029311300,775,11.1,775,0.162,4798,0.16152563568153397
42029311401,952,14.6,952,0.13,7347,0.12957669797196134
42029311403,956,22.1,956,0.262,3643,0.2624210815262147
42029311404,541,14.9,541,0.142,3806,0.1421439831844456
42029311500,868,21.9,868,0.27,3214,0.2700684505289359
42029311600,201,9.5,201,0.096,2086,0.09635666347075743
42029311700,1007,8.9,1007,0.103,9761,0.10316565925622374
42029311800,456,9.9,456,0.118,3857,0.11822660098522167
42045400301,493,7,493,0.085,5818,0.08473702303196975
42045400302,226,4.4,226,0.061,3730,0.06058981233243968
42045400401,543,8.2,543,0.11,4948,0.10974130962004851
42045400402,261,6.9,261,0.057,4552,0.05733743409490334
42045400500,348,10,348,0.078,4462,0.07799193186911699
42045400600,566,10.8,566,0.12,4698,0.12047679863771818
42045400700,685,11.6,685,0.114,6023,0.11373069898721568
42045400801,156,6,156,0.07,2214,0.07046070460704607
42045400802,462,10.8,462,0.122,3773,0.12244897959183673
42045400900,257,14.9,257,0.163,1575,0.16317460317460317
42045401000,216,9.6,216,0.111,1950,0.11076923076923077
42045401101,401,14.9,401,0.129,3113,0.1288146482492772
42045401103,434,13.7,434,0.125,3471,0.1250360126764621
42045401104,530,11.2,530,0.13,4082,0.12983831455169034
42045401200,597,14.6,597,0.163,3661,0.1630701993990713
42045401301,268,7.6,268,0.107,2508,0.10685805422647528
42045401302,319,13.1,319,0.117,2727,0.11697836450311698
42045401401,178,7.5,178,0.087,2040,0.08725490196078431
42045401402,533,12,533,0.134,3982,0.13385233550979408
42045401501,427,9.9,427,0.117,3665,0.1165075034106412
42045401502,489,9.7,489,0.12,4090,0.119559902200489
42045401600,315,17.9,315,0.189,1663,0.1894167167769092
42045401700,314,10.4,314,0.118,2661,0.11800075159714393
42045401800,369,5.3,369,0.088,4198,0.08789899952358265
42045401900,624,11.7,624,0.147,4259,0.14651326602488848
42045402000,374,21.2,374,0.173,2164,0.17282809611829944
42045402100,680,11.2,680,0.118,5745,0.11836379460400348
42045402200,662,20.7,662,0.283,2343,0.2825437473324797
42045402300,382,9.1,382,0.112,3418,0.1117612638970158
42045402400,230,6.4,230,0.064,3568,0.06446188340807175
42045402500,268,6.5,268,0.084,3174,0.08443604284814114
42045402600,555,9.6,555,0.141,3935,0.14104193138500634
42045402700,234,6,234,0.092,2557,0.09151349237387564
42045402800,610,14.1,610,0.107,5691,0.10718678615357582
42045402900,534,8.9,534,0.154,3474,0.153713298791019
42045403001,511,8.7,511,0.16,3191,0.1601378878094641
42045403002,385,13.1,385,0.146,2633,0.14622104063805544
42045403101,352,6.4,352,0.093,3778,0.09317098994176813
42045403103,260,11.1,260,0.106,2446,0.10629599345870809
42045403104,182,6.7,182,0.071,2553,0.07128867998433217
42045403200,750,15.1,750,0.18,4170,0.17985611510791366
42045403300,634,6.5,634,0.095,6670,0.09505247376311844
42045403401,346,13.9,346,0.126,2741,0.12623130244436337
42045403402,321,7,321,0.083,3875,0.08283870967741935
42045403501,558,12.8,558,0.134,4156,0.13426371511068336
42045403502,612,19.2,612,0.203,3011,0.20325473264696114
42045403601,430,9.1,430,0.107,4010,0.10723192019950124
42045403602,254,10,254,0.134,1890,0.1343915343915344
42045403701,267,10.7,267,0.15,1775,0.1504225352112676
42045403702,395,14.1,395,0.17,2318,0.17040552200172562
42045403800,807,10.3,807,0.125,6467,0.1247873820937065
42045403901,562,12.8,562,0.168,3343,0.16811247382590488
42045403902,560,13.7,560,0.152,3689,0.15180265654648956
42045404003,234,5.6,234,0.098,2390,0.09790794979079498
42045404004,1052,14.8,1052,0.169,6209,0.16943147044612658
42045404101,987,12.4,987,0.16,6158,0.1602793114647613
42045404102,605,10.1,605,0.116,5204,0.11625672559569562
42045404103,547,11.7,547,0.158,3472,0.15754608294930875
42045404300,210,9.5,210,0.081,2596,0.08089368258859785
42045404400,276,12.7,276,0.167,1652,0.16707021791767554
42045404500,580,5.6,580,0.104,5564,0.10424155283968368
42045404600,259,12,259,0.122,2130,0.1215962441314554
42045404700,350,8.6,350,0.089,3942,0.08878741755454084
42045404800,158,6.6,158,0.079,2010,0.07860696517412935
42045404900,126,5.5,126,0.1,1266,0.0995260663507109
42045405000,360,14.2,360,0.199,1805,0.1994459833795014
42045405100,335,10.6,335,0.149,2252,0.14875666074600355
42045405200,426,9.1,426,0.131,3244,0.1313193588162762
42045405300,307,10.3,307,0.122,2523,0.12168053904082442
42045405400,217,7.8,217,0.106,2050,0.10585365853658536
42045406100,194,6.7,194,0.085,2281,0.08505041648399825
42045406201,686,20.3,686,0.211,3247,0.21127194333230676
42045406202,783,10.8,783,0.163,4809,0.16281971303805365
42045406300,424,9.5,424,0.131,3248,0.13054187192118227
42045406401,303,6.5,303,0.107,2844,0.10654008438818566
42045406402,220,14.2,220,0.177,1242,0.17713365539452497
42045406500,182,8.5,182,0.109,1671,0.10891681627767803
42045406600,219,9,219,0.09,2420,0.09049586776859504
42045406700,324,7.5,324,0.093,3482,0.09304997128087306
42045406801,608,14,608,0.139,4376,0.13893967093235832
42045406802,727,15.1,727,0.16,4544,0.1599911971830986
42045406803,1826,19.3,1826,0.227,8034,0.2272840428180234
42045406902,1004,14.5,1004,0.175,5741,0.17488242466469256
42045406903,935,13.1,935,0.177,5293,0.17664840355186096
42045406904,974,9.9,974,0.17,5731,0.16995288780317572
42045407000,464,15.2,464,0.18,2581,0.1797752808988764
42045407101,805,18.2,805,0.194,4146,0.19416304872165943
42045407102,521,13,521,0.152,3418,0.152428320655354
42045407201,1613,22.2,1613,0.327,4933,0.32698155280762214
42045407202,861,18.9,861,0.251,3430,0.2510204081632653
42045407401,722,18.9,722,0.193,3740,0.193048128342246
42045407404,623,20.4,623,0.207,3016,0.20656498673740054
42045407501,346,12,346,0.146,2365,0.1463002114164905
42045407502,454,13.5,454,0.152,2980,0.1523489932885906
42045407600,880,13.6,880,0.14,6307,0.1395275091168543
42045407700,421,13.6,421,0.157,2684,0.1568554396423249
42045407801,973,17.9,973,0.225,4331,0.22465943200184715
42045407802,1144,17,1144,0.169,6766,0.16908069760567543
42045407803,798,14.9,798,0.151,5281,0.15110774474531338
42045407804,703,14.4,703,0.155,4522,0.15546218487394958
42045407805,237,13.2,237,0.139,1705,0.13900293255131965
42045407806,293,20.6,293,0.18,1624,0.18041871921182265
42045407901,774,18.7,774,0.195,3965,0.19520807061790668
42045407902,442,14.7,442,0.159,2774,0.15933669790915644
42045407903,402,9.9,402,0.111,3614,0.11123408965135584
42045408001,1241,16.4,1241,0.192,6477,0.19160104986876642
42045408002,1036,25,1036,0.275,3768,0.2749469214437367
42045408101,1356,21,1356,0.246,5521,0.24560767976815795
42045408102,664,16.8,664,0.186,3568,0.1860986547085202
42045408103,859,14.9,859,0.199,4315,0.19907300115874854
42045408300,732,14,732,0.162,4514,0.16216216216216217
42045408400,785,34,785,0.434,1809,0.43394140409065785
42045408500,637,13.9,637,0.152,4194,0.15188364329995233
42045408600,564,12.6,564,0.164,3438,0.16404886561954624
42045408700,697,14.5,697,0.142,4899,0.1422739334558073
42045408800,636,13.8,636,0.131,4838,0.13145928069450186
42045408900,450,14.3,450,0.151,2988,0.15060240963855423
42045409000,551,14.8,551,0.151,3640,0.15137362637362636
42045409100,559,12.9,559,0.13,4308,0.1297585886722377
42045409200,579,12.7,579,0.142,4065,0.14243542435424356
42045409300,320,11.1,320,0.126,2533,0.12633241215949467
42045409400,546,18,546,0.185,2945,0.18539898132427843
42045409500,822,13.5,822,0.174,4722,0.17407878017789072
42045409601,926,14.9,926,0.193,4806,0.19267582188930504
42045409602,322,4.9,322,0.074,4374,0.07361682670324646
42045409701,873,11.6,873,0.121,7217,0.12096438963558265
42045409702,119,6.9,119,0.059,2010,0.059203980099502486
42045409802,611,9.3,611,0.096,6358,0.09609940232777603
42045409803,990,14.8,990,0.145,6851,0.1445044519048314
42045409902,1420,19.4,1420,0.286,4959,0.2863480540431539
42045409903,866,17.3,866,0.216,4004,0.2162837162837163
42045409904,705,19,705,0.196,3594,0.19616026711185308
42045410000,1248,29.8,1248,0.308,4052,0.3079960513326752
42045410100,1119,12.1,1119,0.144,7771,0.1439969115943894
42045410200,713,19.4,713,0.192,3715,0.19192462987886943
42045410301,1139,11.4,1139,0.142,8012,0.14216175736395406
42045410302,2996,27.2,2996,0.314,9530,0.3143756558237146
42045410400,1545,14.7,1545,0.17,9112,0.1695566286215979
42045410500,512,9,512,0.098,5210,0.09827255278310941
42045410601,403,9.9,403,0.116,3472,0.11607142857142858
42045410602,741,14.8,741,0.152,4863,0.15237507711289328
42045410700,588,7.2,588,0.105,5618,0.10466358134567462
42045410800,1411,14.8,1411,0.177,7986,0.17668419734535437
42091200103,826,20.4,826,0.2,4130,0.2
42091200104,798,20,798,0.189,4217,0.18923405264405976
42091200105,531,17.8,531,0.184,2887,0.18392795289227573
42091200106,627,24.4,627,0.321,1951,0.3213736545361353
42091200200,182,12.9,182,0.132,1375,0.13236363636363635
42091200301,640,9.7,640,0.108,5946,0.10763538513286243
42091200305,399,12.6,399,0.178,2240,0.178125
42091200306,692,19.5,692,0.201,3436,0.20139697322467986
42091200307,657,16,657,0.211,3116,0.2108472400513479
42091200308,477,8.7,477,0.12,3983,0.11975897564649761
42091200309,407,12.5,407,0.146,2788,0.14598278335724535
42091200310,786,25.6,786,0.29,2709,0.2901439645625692
42091200401,699,16.9,699,0.217,3228,0.21654275092936803
42091200402,405,7.2,405,0.097,4184,0.09679732313575526
42091200501,695,12.1,695,0.169,4115,0.16889428918590524
42091200502,577,10.2,577,0.117,4931,0.11701480429933077
42091200505,1025,11,1025,0.135,7594,0.13497498024756385
42091200506,321,5.3,321,0.071,4524,0.070954907161803707
42091200507,683,13.1,683,0.128,5352,0.12761584454409566
42091200602,1080,12.2,1080,0.123,8764,0.12323140118667275
42091200603,595,16.8,595,0.177,3370,0.17655786350148367
42091200605,1293,18.1,1293,0.213,6066,0.21315529179030662
42091200606,279,7.3,279,0.084,3327,0.08385933273219116
42091200607,386,7.4,386,0.089,4328,0.08918669131238448
42091200703,716,15.3,716,0.169,4246,0.16862929816297692
42091200704,709,14.4,709,0.195,3629,0.19537062551667125
42091200707,500,10.5,500,0.124,4044,0.12363996043521266
42091200708,900,10.2,900,0.16,5616,0.16025641025641027
42091200800,358,9.2,358,0.108,3313,0.10805916088137639
42091200901,797,17.2,797,0.193,4133,0.192838132107428
42091200902,106,9.3,106,0.085,1240,0.08548387096774193
42091200903,435,6.3,435,0.095,4569,0.09520682862770848
42091200906,516,20.9,516,0.287,1798,0.28698553948832034
42091200907,275,10.3,275,0.109,2512,0.10947452229299363
42091200908,275,12,275,0.125,2202,0.12488646684831971
42091201003,795,12.4,795,0.159,4994,0.1591910292350821
42091201004,1490,21.2,1490,0.28,5326,0.27975966954562526
42091201005,561,18.6,561,0.17,3306,0.16969147005444646
42091201006,730,31.5,730,0.323,2263,0.3225806451612903
42091201100,404,9.7,404,0.124,3245,0.12449922958397534
42091201201,1415,21.7,1415,0.231,6135,0.2306438467807661
42091201203,928,24.3,928,0.285,3255,0.285099846390169
42091201204,518,17.6,518,0.243,2134,0.24273664479850046
42091201301,671,19.4,671,0.188,3567,0.18811326044294926
42091201302,289,7.3,289,0.098,2940,0.09829931972789116
42091201404,1001,18.2,1001,0.21,4771,0.2098092643051771
42091201406,946,19,946,0.204,4647,0.2035721971164192
42091201407,361,11.2,361,0.139,2596,0.13906009244992296
42091201408,600,14.8,600,0.139,4329,0.1386001386001386
42091201409,878,19.5,878,0.197,4450,0.19730337078651686
42091201410,442,17.6,442,0.174,2534,0.17442778216258878
42091201411,400,13.2,400,0.14,2854,0.1401541695865452
42091201501,1216,29.1,1216,0.335,3630,0.3349862258953168
42091201502,425,23.1,425,0.226,1882,0.22582359192348567
42091201603,747,15.9,747,0.174,4295,0.1739231664726426
42091201604,519,14.4,519,0.168,3084,0.16828793774319067
42091201605,484,10.1,484,0.165,2937,0.1647940074906367
42091201606,284,11.3,284,0.114,2493,0.1139189731247493
42091201607,430,10.6,430,0.121,3541,0.12143462298785654
42091201608,838,16.2,838,0.176,4750,0.17642105263157895
42091201703,381,12.5,381,0.124,3083,0.12358092766785599
42091201704,476,12.2,476,0.142,3349,0.14213197969543148
42091201705,617,11.3,617,0.137,4507,0.1368981584202352
42091201706,450,9.3,450,0.096,4699,0.09576505639497765
42091201800,858,23.5,858,0.291,2949,0.29094608341810785
42091201901,1077,19.4,1077,0.218,4946,0.2177517185604529
42091201902,1266,20.1,1266,0.23,5495,0.23039126478616925
42091202000,337,13.6,337,0.132,2548,0.13226059654631084
42091202100,832,14.5,832,0.188,4426,0.18798011748757343
42091202201,653,12.1,653,0.137,4759,0.13721370035721792
42091202202,480,13.6,480,0.154,3117,0.15399422521655437
42091202301,1139,21.8,1139,0.246,4633,0.24584502482192963
42091202302,599,27.1,599,0.281,2130,0.2812206572769953
42091202401,252,7,252,0.068,3706,0.06799784133837021
42091202402,624,14.6,624,0.131,4768,0.13087248322147652
42091202500,791,13.4,791,0.143,5546,0.1426253155427335
42091202602,864,26.9,864,0.322,2680,0.32238805970149254
42091202603,459,12.8,459,0.139,3291,0.13947128532360983
42091202604,434,21.3,434,0.184,2358,0.18405428329092452
42091203000,544,15.4,544,0.164,3324,0.16365824308062576
42091203103,435,14.9,435,0.148,2940,0.14795918367346939
42091203104,1212,24.3,1212,0.296,4096,0.2958984375
42091203105,798,11.9,798,0.149,5338,0.1494941925814912
42091203106,234,9.7,234,0.121,1935,0.12093023255813953
42091203203,486,11.4,486,0.113,4289,0.11331312660293774
42091203204,1568,19.7,1568,0.245,6404,0.2448469706433479
42091203205,390,17.3,390,0.181,2159,0.18063918480778138
42091203207,637,17.4,637,0.19,3360,0.18958333333333333
42091203208,843,27.5,843,0.284,2965,0.28431703204047215
42091203302,1171,16.3,1171,0.186,6286,0.1862869869551384
42091203303,1437,29,1437,0.363,3960,0.36287878787878786
42091203304,935,22.3,935,0.245,3817,0.24495677233429394
42091203401,1338,19.4,1338,0.224,5970,0.2241206030150754
42091203402,842,11.4,842,0.129,6545,0.12864782276546982
42091203403,872,21.2,872,0.281,3102,0.28110896196002577
42091203500,1020,12.2,1020,0.16,6384,0.15977443609022557
42091203601,284,6.4,284,0.095,3000,0.09466666666666666
42091203602,628,11.2,628,0.153,4101,0.15313338210192637
42091203700,174,5.3,174,0.09,1929,0.09020217729393468
42091203801,403,10.1,403,0.105,3823,0.10541459586712006
42091203803,336,5.1,336,0.06,5645,0.059521700620017715
42091203804,178,3.7,178,0.053,3333,0.05340534053405341
42091203901,216,4.2,216,0.066,3288,0.06569343065693431
42091203902,457,15.8,457,0.147,3106,0.14713457823567289
42091204002,463,11.2,463,0.133,3482,0.13296955772544514
42091204007,242,9.4,242,0.11,2205,0.10975056689342404
42091204008,486,18.7,486,0.179,2713,0.1791374861776631
42091204009,424,21.5,424,0.248,1707,0.24838898652606914
42091204010,419,17.1,419,0.161,2606,0.1607828089025326
42091204101,535,11.7,535,0.138,3880,0.13788659793814434
42091204102,323,7,323,0.08,4036,0.08002973240832507
42091204200,183,12.6,183,0.134,1363,0.13426265590608952
42091204300,946,30.1,946,0.342,2770,0.34151624548736464
42091204400,483,13.9,483,0.155,3123,0.15465898174831894
42091204500,789,15.3,789,0.166,4742,0.16638549135385913
42091204600,688,15.9,688,0.155,4442,0.15488518685276903
42091204701,662,34.2,662,0.323,2047,0.323400097703957
42091204702,510,15.5,510,0.15,3399,0.1500441306266549
42091204800,1368,26.5,1368,0.273,5019,0.27256425582785415
42091204900,1146,21.2,1146,0.217,5279,0.21708656942602766
42091205000,289,16.5,289,0.115,2514,0.11495624502784407
42091205100,249,18.7,249,0.154,1615,0.15417956656346749
42091205200,806,28.5,806,0.272,2966,0.2717464598786244
42091205300,345,11.9,345,0.163,2113,0.1632749645054425
42091205400,1221,20.1,1221,0.197,6204,0.19680851063829788
42091205501,586,15.5,586,0.164,3573,0.16400783655191717
42091205502,640,16.9,640,0.176,3636,0.17601760176017603
42091205503,1067,18.4,1067,0.223,4778,0.22331519464210967
42091205600,559,10.1,559,0.13,4305,0.12984901277584204
42091205700,489,5.6,489,0.107,4574,0.10690861390467862
42091205801,664,17.5,664,0.218,3052,0.21756225425950196
42091205805,565,14.5,565,0.17,3326,0.16987372218881538
42091205806,263,11.2,263,0.116,2259,0.11642319610447101
42091205807,221,12,221,0.133,1658,0.13329312424607961
42091205808,1071,19.3,1071,0.206,5192,0.2062788906009245
42091205809,488,15,488,0.174,2812,0.17354196301564723
42091205903,529,18.8,529,0.207,2551,0.20736965895727166
42091205904,515,23.6,515,0.233,2206,0.23345421577515865
42091205905,359,9.7,359,0.103,3471,0.10342840679919331
42091205906,214,8.1,214,0.102,2096,0.10209923664122138
42091206004,597,6.9,597,0.093,6421,0.09297617193583554
42091206005,618,13.5,618,0.147,4196,0.1472831267874166
42091206006,1351,36.8,1351,0.481,2809,0.4809540761836953
42091206007,705,9,705,0.102,6904,0.10211471610660487
42091206102,952,9.7,952,0.109,8740,0.10892448512585812
42091206104,288,7.2,288,0.092,3117,0.09239653512993262
42091206105,881,11.9,881,0.147,5983,0.14725054320574962
42091206106,653,11.1,653,0.135,4850,0.13463917525773195
42091206201,392,17.4,392,0.167,2351,0.16673755848575075
42091206202,173,6.7,173,0.071,2431,0.0711641299876594
42091206300,561,10,561,0.106,5279,0.1062701269179769
42091206400,448,13.3,448,0.126,3559,0.12587805563360493
42091206501,219,5.1,219,0.05,4379,0.050011418131993605
42091206502,475,7.6,475,0.098,4858,0.0977768629065459
42091206600,231,11.6,231,0.167,1381,0.16727009413468502
42091206702,130,3.9,130,0.039,3353,0.03877124962719952
42091206703,825,16.6,825,0.205,4034,0.20451165096678234
42091206704,1062,13.8,1062,0.145,7339,0.14470636326474998
42091206801,1250,14.5,1250,0.172,7275,0.1718213058419244
42091206802,495,15.6,495,0.164,3011,0.16439721022915973
42091206901,946,14.6,946,0.199,4750,0.19915789473684212
42091206904,1810,26.7,1810,0.328,5518,0.32801739760782894
42091206905,502,12.4,502,0.1,5042,0.09956366521221738
42091206906,567,19,567,0.197,2882,0.1967383761276891
42091207001,896,11.1,896,0.111,8058,0.11119384462645818
42091207003,474,11.9,474,0.157,3012,0.15737051792828685
42091207004,753,14,753,0.177,4254,0.1770098730606488
42091207101,1155,16.4,1155,0.188,6136,0.18823337679269883
42091207103,539,12,539,0.127,4229,0.12745329865216362
42091207104,1159,35.5,1159,0.404,2871,0.40369209334726575
42091207201,254,11.7,254,0.108,2344,0.1083617747440273
42091207202,614,13.3,614,0.14,4393,0.1397678124288641
42091207300,345,11.6,345,0.129,2682,0.12863534675615212
42091207400,426,13.7,426,0.149,2863,0.14879497031086272
42091207500,534,16.6,534,0.159,3362,0.1588340273646639
42091207600,544,13.4,544,0.147,3711,0.14659121530584748
42091207800,1065,14.3,1065,0.151,7076,0.1505087620124364
42091207900,583,18.4,583,0.233,2500,0.2332
42091208000,531,10.2,531,0.137,3868,0.1372802481902792
42091208100,231,5.7,231,0.078,2968,0.07783018867924528
42091208201,407,17.9,407,0.186,2189,0.18592964824120603
42091208203,726,11.3,726,0.158,4604,0.1576889661164205
42091208204,572,16.8,572,0.159,3603,0.15875659172911463
42091208301,554,19.8,554,0.215,2577,0.21497865735351185
42091208302,1128,10.3,1128,0.117,9666,0.11669770328988206
42091208400,728,17.6,728,0.204,3570,0.20392156862745098
42091208500,661,13.2,661,0.135,4890,0.13517382413087933
42091208601,942,14.9,942,0.156,6042,0.15590863952333664
42091208603,837,10.5,837,0.124,6764,0.12374334713187463
42091208604,611,10.2,611,0.103,5913,0.10333164214442753
42091208702,686,19.5,686,0.206,3332,0.20588235294117646
42091208703,823,19.3,823,0.213,3869,0.21271646420263635
42091208704,403,5.6,403,0.081,4970,0.08108651911468813
42091208801,157,8.1,157,0.117,1337,0.11742707554225879
42091208802,412,10,412,0.119,3463,0.11897198960438926
42091208901,492,9.5,492,0.133,3688,0.1334056399132321
42091208903,452,15,452,0.169,2673,0.16909839132061355
42091208904,329,10.5,329,0.098,3359,0.09794581720750223
42091208905,489,15.3,489,0.175,2791,0.17520601934790397
42091208906,590,13.8,590,0.156,3788,0.15575501583949314
42091209000,158,11.9,158,0.104,1520,0.10394736842105264
42091209100,597,10.5,597,0.109,5457,0.10940076965365586
42091209201,187,6.5,187,0.109,1714,0.10910151691948658
42091209202,300,14.1,300,0.139,2155,0.13921113689095127
42091210100,519,10.2,519,0.131,3956,0.13119312436804853
42091210200,511,17.2,511,0.19,2695,0.18961038961038962
42091210300,896,21.3,896,0.216,4145,0.21616405307599518
42091210400,1229,22.3,1229,0.282,4356,0.28213957759412306
42091210500,982,22.7,982,0.223,4399,0.22323255285292112
42091210600,774,15.5,774,0.178,4348,0.1780128794848206
42091210700,728,12.9,728,0.129,5630,0.12930728241563055
42101000100,274,5.2,274,0.068,4012,0.0682951146560319
42101000200,225,6.6,225,0.088,2563,0.08778774873195475
42101000300,489,11,489,0.139,3530,0.1385269121813031
42101000401,499,20.9,499,0.187,2666,0.18717179294823705
42101000402,1100,29.5,1100,0.344,3202,0.3435352904434728
42101000500,83,1.8,83,0.034,2451,0.03386372909016728
42101000600,76,5.6,76,0.058,1301,0.05841660261337433
42101000700,411,11.8,411,0.126,3254,0.1263060848186847
42101000801,126,10.3,126,0.079,1588,0.07934508816120907
42101000803,884,27.2,884,0.248,3569,0.24768842813112918
42101000804,652,12.9,652,0.16,4082,0.15972562469377757
42101000901,166,12.8,166,0.077,2159,0.07688744789254284
42101000902,577,21.8,577,0.217,2663,0.21667292527224935
42101001001,858,34.1,858,0.322,2664,0.32207207207207206
42101001002,628,18.7,628,0.185,3392,0.18514150943396226
42101001101,454,12,454,0.124,3666,0.12384069830878341
42101001102,186,8.8,186,0.072,2566,0.0724863600935308
42101001201,560,15.6,560,0.135,4134,0.1354620222544751
42101001202,585,12.4,585,0.114,5111,0.1144590099784778
42101001300,677,9.5,677,0.111,6108,0.11083824492468894
42101001400,427,7.7,427,0.108,3936,0.10848577235772358
42101001500,303,8,303,0.106,2868,0.10564853556485355
42101001600,152,6.4,152,0.07,2173,0.06994937873907041
42101001700,257,7.8,257,0.087,2948,0.08717774762550883
42101001800,296,8,296,0.091,3263,0.09071406680968434
42101001900,164,4.4,164,0.052,3159,0.051915163026274136
42101002000,271,11.6,271,0.133,2039,0.13290828837665522
42101002100,276,9.6,276,0.12,2294,0.12031386224934612
42101002200,155,5,155,0.067,2309,0.0671286271113036
42101002300,348,10.8,348,0.123,2836,0.1227080394922426
42101002400,520,9.4,520,0.098,5319,0.09776273735664599
42101002500,444,6.5,444,0.113,3914,0.11343893714869699
42101002701,270,5.1,270,0.065,4177,0.06463969355997128
42101002702,520,7.1,520,0.122,4273,0.12169435993447227
42101002801,373,5.7,373,0.077,4817,0.07743408760639402
42101002802,892,11.4,892,0.151,5903,0.1511096052854481
42101002900,570,14.8,570,0.137,4167,0.13678905687544995
42101003001,547,12.9,547,0.123,4431,0.12344843150530355
42101003002,413,11.3,413,0.138,2988,0.13821954484605087
42101003100,546,10.7,546,0.134,4064,0.1343503937007874
42101003200,497,6.2,497,0.107,4631,0.10732023321096955
42101003300,574,6.4,574,0.096,5970,0.09614740368509213
42101003600,943,8.2,943,0.128,7379,0.1277950941862041
42101003701,493,3.3,493,0.079,6255,0.07881694644284572
42101003702,333,6.4,333,0.083,3998,0.08329164582291146
42101003800,939,19.6,939,0.241,3903,0.24058416602613375
42101003901,743,9.6,743,0.119,6234,0.1191851138915624
42101003902,1046,14.2,1046,0.177,5894,0.17746861214794707
42101004001,739,12.1,739,0.183,4035,0.1831474597273854
42101004002,1030,15.1,1030,0.206,4992,0.2063301282051282
42101004101,640,8.3,640,0.1,6410,0.0998439937597504
42101004102,835,7.7,835,0.088,9485,0.08803373748023194
42101004201,741,11.5,741,0.138,5354,0.1384011953679492
42101004202,890,9.9,890,0.153,5828,0.15271105010295127
42101005400,224,14.9,224,0.159,1410,0.15886524822695036
42101005500,857,9.5,857,0.131,6532,0.13120024494794857
42101005600,128,8.8,128,0.124,1032,0.12403100775193798
42101006000,898,11.1,898,0.146,6137,0.14632556623757537
42101006100,401,9.3,401,0.121,3316,0.12092882991556092
42101006200,260,3.8,260,0.05,5186,0.050134978789047435
42101006300,231,4.9,231,0.054,4264,0.054174484052532834
42101006400,299,6,299,0.081,3682,0.08120586637696904
42101006500,625,13.3,625,0.149,4207,0.14856192060850962
42101006600,535,14.2,535,0.159,3368,0.1588479809976247
42101006700,451,7.1,451,0.069,6512,0.06925675675675676
42101006900,220,10.3,220,0.087,2542,0.08654602675059009
42101007000,488,5,488,0.138,3530,0.13824362606232293
42101007101,398,11.3,398,0.156,2546,0.1563236449332286
42101007102,664,7.5,664,0.144,4610,0.1440347071583514
42101007200,768,11.8,768,0.152,5046,0.15219976218787157
42101007300,418,13.2,418,0.165,2529,0.1652827204428628
42101007400,628,13.1,628,0.143,4377,0.14347726753484122
42101007700,60,1.6,60,0.029,2102,0.028544243577545196
42101007800,344,6.4,344,0.08,4276,0.08044901777362021
42101007900,347,7.8,347,0.078,4443,0.07810038262435291
42101008000,520,11,520,0.134,3889,0.13371046541527384
42101008101,361,13.2,361,0.154,2343,0.15407597097737943
42101008102,611,7.5,611,0.111,5497,0.11115153720211024
42101008200,1333,16.2,1333,0.208,6413,0.2078590363324497
42101008301,1041,19.1,1041,0.216,4809,0.2164691203992514
42101008302,511,7,511,0.118,4334,0.11790493770189202
42101008400,537,8,537,0.112,4803,0.11180512179887571
42101008500,855,9.3,855,0.115,7415,0.1153068105192178
42101008601,312,11.3,312,0.109,2860,0.10909090909090909
42101008602,301,14.7,301,0.134,2241,0.13431503792949576
42101008701,134,2.5,134,0.028,4841,0.027680231357157612
42101008702,69,1.9,69,0.026,2628,0.026255707762557076
42101008801,0,0,0,0,2272,0
42101008802,66,1.3,66,0.01,6680,0.009880239520958085
42101009000,121,1.9,121,0.02,6173,0.01960149036125061
42101009100,594,11.1,594,0.213,2793,0.21267454350161116
42101009200,233,7.2,233,0.065,3568,0.06530269058295964
42101009300,435,9.1,435,0.106,4109,0.10586517400827453
42101009400,592,12.9,592,0.144,4123,0.14358476837254427
42101009500,334,8.4,334,0.109,3065,0.10897226753670473
42101009600,593,6.6,593,0.138,4311,0.13755509162607285
42101009801,231,10.3,231,0.096,2417,0.09557302441042614
42101009802,399,6.4,399,0.062,6445,0.06190845616757176
42101010000,513,12.3,513,0.111,4610,0.11127982646420824
42101010100,820,9.1,820,0.116,7051,0.11629556091334563
42101010200,393,13.5,393,0.131,3008,0.13065159574468085
42101010300,296,15.3,296,0.111,2662,0.11119459053343352
42101010400,640,10.1,640,0.158,4058,0.15771315919172005
42101010500,1066,15.3,1066,0.238,4472,0.23837209302325582
42101010600,190,7.5,190,0.12,1587,0.11972274732199117
42101010700,240,3.5,240,0.064,3738,0.06420545746388442
42101010800,346,8,346,0.09,3846,0.08996359854394176
42101010900,250,9.1,250,0.096,2599,0.09619084263178146
42101011000,402,8,402,0.102,3936,0.10213414634146341
42101011100,422,10,422,0.137,3083,0.1368796626662342
42101011200,599,10.5,599,0.121,4966,0.12062021747885622
42101011300,567,11.8,567,0.207,2744,0.2066326530612245
42101011400,979,9.1,979,0.136,7219,0.13561435101814656
42101011500,435,7.8,435,0.091,4766,0.09127150650440621
42101011700,213,13.9,213,0.112,1899,0.11216429699842022
42101011800,1181,14.7,1181,0.202,5856,0.20167349726775957
42101011900,763,10.6,763,0.161,4738,0.16103841283241874
42101012000,217,11.2,217,0.124,1749,0.12407089765580331
42101012100,791,24.3,791,0.27,2933,0.26968973747016706
42101012201,795,18.1,795,0.258,3077,0.25836854078648036
42101012203,39,3.6,39,0.061,643,0.060653188180404355
42101012204,1045,17.1,1045,0.278,3753,0.2784439115374367
42101012500,863,10.3,863,0.166,5191,0.16624927759583896
42101013100,192,10.3,192,0.112,1710,0.11228070175438597
42101013200,731,21.3,731,0.265,2757,0.2651432716721074
42101013300,135,3.7,135,0.036,3763,0.03587563114536274
42101013401,803,31.7,803,0.345,2327,0.3450795015040825
42101013402,174,6.2,174,0.062,2786,0.0624551328068916
42101013500,420,6.9,420,0.111,3781,0.11108172441153134
42101013601,334,8.3,334,0.117,2864,0.11662011173184357
42101013602,334,9.2,334,0.091,3667,0.09108262885192256
42101013700,547,8.2,547,0.114,4805,0.11383975026014569
42101013800,191,8.4,191,0.09,2118,0.09017941454202077
42101013900,523,15.3,523,0.177,2960,0.1766891891891892
42101014000,242,5.7,242,0.08,3042,0.07955292570677186
42101014100,436,14.4,436,0.174,2510,0.17370517928286852
42101014200,151,3,151,0.038,3923,0.03849095080295692
42101014300,150,10.2,150,0.088,1709,0.08777062609713282
42101014400,326,7.4,326,0.086,3774,0.08638049814520403
42101014500,257,10.9,257,0.145,1774,0.14487034949267194
42101014600,625,15.1,625,0.153,4097,0.1525506468147425
42101014700,31,0,31,0.011,2952,0.010501355013550135
42101014800,161,19.2,161,0.161,1003,0.16051844466600199
42101014900,702,17.4,702,0.207,3387,0.20726306465899025
42101015101,229,7.8,229,0.099,2317,0.09883470004315925
42101015102,472,8.8,472,0.135,3507,0.13458796692329628
42101015200,415,7.6,415,0.072,5769,0.0719362107817646
42101015300,175,0.9,175,0.043,4074,0.0429553264604811
42101015600,166,7.9,166,0.081,2048,0.0810546875
42101015700,149,5.9,149,0.055,2688,0.055431547619047616
42101015800,726,8,726,0.117,6183,0.11741872877244056
42101016000,508,5.5,508,0.076,6721,0.0755839904776075
42101016100,341,4.5,341,0.057,5964,0.057176391683433934
42101016200,176,7.2,176,0.072,2441,0.07210159770585825
42101016300,262,6.5,262,0.071,3710,0.07061994609164421
42101016400,404,6.7,404,0.093,4338,0.09313047487321346
42101016500,223,5.7,223,0.083,2687,0.08299218459248232
42101016600,121,5.3,121,0.074,1627,0.0743700061462815
42101016701,367,14.1,367,0.128,2871,0.1278300243817485
42101016702,301,10,301,0.108,2796,0.10765379113018599
42101016800,413,9.9,413,0.115,3605,0.1145631067961165
42101016901,200,4.4,200,0.058,3430,0.05830903790087463
42101016902,642,12.4,642,0.111,5797,0.11074693807141625
42101017000,290,6.6,290,0.093,3114,0.09312780989081568
42101017100,628,13,628,0.157,3997,0.1571178383787841
42101017201,472,9.6,472,0.148,3194,0.14777708202880402
42101017202,507,15.2,507,0.17,2991,0.16950852557673018
42101017300,329,12.8,329,0.126,2607,0.126198695818949
42101017400,281,9.5,281,0.127,2204,0.12749546279491833
42101017500,713,10.4,713,0.104,6850,0.10408759124087591
42101017601,524,9.5,524,0.091,5728,0.0914804469273743
42101017602,206,4.4,206,0.048,4267,0.048277478322006094
42101017701,115,3.2,115,0.029,4012,0.028664007976071784
42101017702,274,5.8,274,0.05,5441,0.0503583900018379
42101017800,255,4.3,255,0.041,6224,0.04097043701799486
42101017900,561,4.2,561,0.077,7283,0.07702869696553619
42101018001,323,12,323,0.121,2662,0.12133734034560481
42101018002,674,8.4,674,0.117,5740,0.11742160278745645
42101018300,554,9.8,554,0.138,4004,0.13836163836163837
42101018400,217,9,217,0.089,2434,0.08915365653245687
42101018800,493,2.5,493,0.054,9162,0.05380921196245361
42101019000,378,2.8,378,0.045,8371,0.04515589535300442
42101019100,785,6.5,785,0.089,8857,0.08863046178164163
42101019200,422,2.7,422,0.047,9019,0.046790109768266995
42101019501,408,10.6,408,0.092,4437,0.09195402298850575
42101019502,83,1.9,83,0.023,3649,0.02274595779665662
42101019700,728,9.4,728,0.106,6843,0.10638608797311121
42101019800,544,6.4,544,0.078,6970,0.07804878048780488
42101019900,416,6.6,416,0.102,4080,0.10196078431372549
42101020000,86,5.6,86,0.065,1327,0.06480783722682742
42101020101,529,8.6,529,0.131,4025,0.13142857142857142
42101020102,332,6,332,0.108,3083,0.10768731754784301
42101020200,918,16.1,918,0.211,4358,0.21064708581918312
42101020300,294,9.6,294,0.101,2906,0.10116999311768754
42101020400,356,11.6,356,0.135,2631,0.1353097681489928
42101020500,407,11.6,407,0.148,2759,0.14751721638274737
42101020600,293,12.1,293,0.176,1664,0.17608173076923078
42101020700,559,7.3,559,0.099,5675,0.0985022026431718
42101020800,280,11,280,0.128,2196,0.12750455373406194
42101020900,256,6.8,256,0.087,2932,0.08731241473396999
42101021000,591,12,591,0.118,4990,0.118436873747495
42101021100,339,15,339,0.136,2496,0.13581730769230768
42101021200,271,7.4,271,0.111,2440,0.11106557377049181
42101021300,418,11.6,418,0.11,3814,0.10959622443628736
42101021400,283,4.5,283,0.063,4475,0.06324022346368716
42101021500,253,4.9,253,0.065,3865,0.06545924967658473
42101021600,296,13.8,296,0.136,2174,0.13615455381784727
42101021700,1039,18,1039,0.178,5850,0.1776068376068376
42101021800,458,11.8,458,0.105,4358,0.10509407985314365
42101021900,269,15.7,269,0.178,1508,0.1783819628647215
42101022000,614,29.5,614,0.347,1772,0.34650112866817157
42101023100,224,16.5,224,0.163,1374,0.16302765647743814
42101023500,191,16,191,0.146,1308,0.14602446483180428
42101023600,602,24.2,602,0.246,2450,0.24571428571428572
42101023700,860,8.8,860,0.162,5300,0.16226415094339622
42101023800,646,13.3,646,0.156,4153,0.15555020467132194
42101023900,350,25.7,350,0.28,1252,0.2795527156549521
42101024000,446,12.8,446,0.131,3399,0.1312150632538982
42101024100,525,24.2,525,0.36,1460,0.3595890410958904
42101024200,462,16.9,462,0.141,3275,0.14106870229007634
42101024300,351,7.1,351,0.107,3275,0.10717557251908397
42101024400,325,7.9,325,0.116,2799,0.11611289746337977
42101024500,522,13.9,522,0.144,3615,0.14439834024896264
42101024600,261,6.7,261,0.094,2785,0.09371633752244166
42101024700,510,12.4,510,0.119,4274,0.11932615816565278
42101024800,317,11.7,317,0.144,2205,0.1437641723356009
42101024900,520,17,520,0.164,3171,0.1639861242510249
42101025200,1149,14.9,1149,0.156,7366,0.15598696714634808
42101025300,487,10.4,487,0.117,4180,0.11650717703349282
42101025400,849,16.1,849,0.204,4163,0.20393946673072302
42101025500,466,18.7,466,0.169,2755,0.1691470054446461
42101025600,551,18.4,551,0.2,2760,0.1996376811594203
42101025700,626,12.4,626,0.166,3770,0.1660477453580902
42101025800,442,23.8,442,0.257,1718,0.2572759022118743
42101025900,710,13.7,710,0.146,4854,0.14627111660486197
42101026000,599,19.5,599,0.197,3047,0.19658680669510994
42101026100,822,18,822,0.229,3588,0.22909698996655517
42101026200,979,20.9,979,0.227,4304,0.2274628252788104
42101026301,707,11.6,707,0.176,4007,0.1764412278512603
42101026302,1045,17.6,1045,0.183,5701,0.18330117523241538
42101026400,1064,12.5,1064,0.182,5835,0.1823479005998286
42101026500,827,14.4,827,0.162,5106,0.1619663141402272
42101026600,1168,16.1,1168,0.188,6218,0.1878417497587649
42101026700,1115,18.7,1115,0.181,6147,0.18138929559134537
42101026800,756,15.5,756,0.166,4554,0.16600790513833993
42101026900,570,21,570,0.256,2224,0.256294964028777
42101027000,356,9.8,356,0.12,2975,0.11966386554621848
42101027100,423,11.8,423,0.136,3106,0.13618802318094012
42101027200,378,4.3,378,0.075,5049,0.0748663101604278
42101027300,381,4.7,381,0.056,6815,0.05590608950843727
42101027401,314,9.5,314,0.094,3329,0.09432261940522679
42101027402,445,5.4,445,0.061,7241,0.06145560005524099
42101027500,364,5.6,364,0.069,5309,0.06856281785647014
42101027600,398,11.1,398,0.111,3589,0.11089439955419336
42101027700,1116,19,1116,0.218,5118,0.21805392731535755
42101027800,667,12.8,667,0.148,4507,0.14799201242511648
42101027901,446,11.3,446,0.122,3661,0.12182463807702813
42101027902,332,7.5,332,0.077,4304,0.07713754646840149
42101028000,609,13.7,609,0.153,3986,0.152784746613146
42101028100,506,8.4,506,0.114,4452,0.11365678346810422
42101028200,714,9.4,714,0.129,5530,0.1291139240506329
42101028300,462,5.5,462,0.07,6582,0.07019143117593436
42101028400,419,4.7,419,0.089,4714,0.08888417479847263
42101028500,207,7.3,207,0.072,2886,0.07172557172557173
42101028600,358,3.9,358,0.048,7526,0.04756842944459208
42101028700,156,5.7,156,0.061,2543,0.06134486826582776
42101028800,276,4.4,276,0.064,4345,0.06352128883774454
42101028901,262,5.4,262,0.059,4434,0.059088858818222824
42101028902,372,4.3,372,0.053,6994,0.05318844724049185
42101029000,515,8,515,0.072,7118,0.07235178420904749
42101029100,322,4.4,322,0.067,4827,0.06670810026931842
42101029200,395,8.3,395,0.085,4632,0.08527633851468049
42101029300,240,9.1,240,0.079,3050,0.07868852459016394
42101029400,186,4.9,186,0.064,2886,0.06444906444906445
42101029800,411,5.8,411,0.079,5194,0.07912976511359261
42101029900,264,6.2,264,0.064,4157,0.06350733702189079
42101030000,512,4.8,512,0.069,7417,0.06903060536605096
42101030100,359,6.1,359,0.063,5703,0.0629493249167105
42101030200,727,5.5,727,0.094,7697,0.0944523840457321
42101030501,299,4.1,299,0.05,5939,0.05034517595554807
42101030502,526,8.8,526,0.078,6708,0.07841383422778772
42101030600,1116,9.8,1116,0.139,8015,0.13923892701185278
42101030700,413,5.5,413,0.106,3897,0.10597895817295355
42101030800,598,11.3,598,0.123,4855,0.1231719876416066
42101030900,346,6.1,346,0.078,4427,0.07815676530381749
42101031000,789,10.1,789,0.099,8010,0.09850187265917602
42101031101,384,7.8,384,0.07,5506,0.06974209952778787
42101031102,224,5.9,224,0.051,4364,0.051329055912007336
42101031200,383,7.1,383,0.073,5229,0.07324536240198891
42101031300,516,7.1,516,0.078,6604,0.07813446396123562
42101031401,414,5.1,414,0.056,7421,0.05578762969950141
42101031402,597,8.4,597,0.107,5558,0.10741273839510615
42101031501,903,10.7,903,0.142,6349,0.1422271223814774
42101031502,495,13,495,0.129,3852,0.12850467289719625
42101031600,664,8.7,664,0.1,6624,0.10024154589371981
42101031700,649,9.7,649,0.11,5884,0.11029911624745072
42101031800,343,8.3,343,0.088,3920,0.0875
42101031900,451,4,451,0.091,4938,0.09133252328878089
42101032000,737,9.9,737,0.118,6237,0.11816578483245149
42101032100,309,5.5,309,0.072,4265,0.07245017584994139
42101032300,312,10.4,312,0.101,3074,0.1014964216005205
42101032500,675,9.7,675,0.116,5818,0.1160192506015813
42101032600,857,13.5,857,0.131,6532,0.13120024494794857
42101032900,371,8,371,0.116,3188,0.11637390213299875
42101033000,724,6.2,724,0.1,7231,0.10012446411284746
42101033101,620,9.9,620,0.13,4768,0.13003355704697986
42101033102,577,11.7,577,0.159,3628,0.15904079382579933
42101033200,341,13.4,341,0.127,2691,0.12671869193608323
42101033300,1319,25.9,1319,0.312,4234,0.3115257439773264
42101033400,1175,15.9,1175,0.211,5565,0.21114106019766396
42101033500,649,14.3,649,0.159,4090,0.158679706601467
42101033600,686,8.8,686,0.091,7509,0.0913570382208017
42101033701,1033,15.5,1033,0.186,5552,0.18605907780979827
42101033702,815,19.1,815,0.156,5230,0.15583173996175909
42101033800,985,14,985,0.157,6274,0.15699713101689514
42101033900,425,13.4,425,0.125,3413,0.12452387928508643
42101034000,505,13.3,505,0.171,2957,0.17078119715928305
42101034100,723,11.1,723,0.123,5891,0.12272958750636564
42101034200,1209,27.2,1209,0.349,3463,0.34911926075656946
42101034400,1797,20.8,1797,0.226,7967,0.22555541609137694
42101034501,1142,24.5,1142,0.328,3482,0.327972429638139
42101034502,820,17.4,820,0.164,4989,0.16436159551012228
42101034600,468,17,468,0.176,2664,0.17567567567567569
42101034701,971,13.8,971,0.152,6382,0.1521466624882482
42101034702,665,12.7,665,0.168,3963,0.16780217007317688
42101034801,984,20.2,984,0.22,4465,0.2203807390817469
42101034802,873,13.1,873,0.158,5527,0.157951872625294
42101034803,780,15.6,780,0.183,4267,0.1827982188891493
42101034900,599,11.4,599,0.11,5437,0.1101710502115137
42101035100,1604,35.1,1604,0.403,3985,0.40250941028858217
42101035200,766,18.3,766,0.192,3986,0.1921726041144004
42101035301,738,13.2,738,0.139,5306,0.13908782510365625
42101035302,887,17.7,887,0.202,4396,0.20177434030937216
42101035500,1507,17.7,1507,0.216,6966,0.21633649153028997
42101035601,1768,30.6,1768,0.332,5318,0.3324558104550583
42101035602,589,19.9,589,0.18,3268,0.18023255813953487
42101035701,749,12.9,749,0.164,4562,0.16418237615081105
42101035702,418,10.4,418,0.099,4239,0.09860816230242982
42101035800,1236,14.7,1236,0.183,6749,0.1831382427026226
42101035900,1285,22.5,1285,0.253,5070,0.2534516765285996
42101036000,1080,29.3,1080,0.345,3128,0.3452685421994885
42101036100,572,16.1,572,0.152,3756,0.15228966986155484
42101036201,847,14.8,847,0.177,4778,0.17727082461280871
42101036202,1082,17.2,1082,0.181,5966,0.1813610459269192
42101036203,846,13.7,846,0.155,5472,0.15460526315789475
42101036301,572,18,572,0.166,3454,0.16560509554140126
42101036302,388,10.6,388,0.112,3450,0.11246376811594203
42101036303,1147,18.9,1147,0.189,6059,0.18930516586895527
42101036400,298,29.4,298,0.366,815,0.3656441717791411
42101036501,991,17.8,991,0.193,5137,0.19291415222892738
42101036502,680,12.2,680,0.164,4134,0.1644895984518626
42101036600,330,18.8,330,0.17,1945,0.16966580976863754
42101036700,216,7.4,216,0.072,3003,0.07192807192807193
42101036900,155,1.3,155,0.029,5355,0.028944911297852476
42101037200,848,13.9,848,0.184,4608,0.1840277777777778
42101037300,1439,22.4,1439,0.247,5835,0.24661525278491858
42101037500,522,14.1,522,0.125,4178,0.12494016275730015
42101037600,196,5.2,196,0.064,3058,0.06409417920209287
42101037700,185,2.7,185,0.034,5476,0.033783783783783786
42101037800,297,5.1,297,0.113,2624,0.1131859756097561
42101037900,831,13.9,831,0.153,5437,0.15284164061063085
42101038000,234,8.6,234,0.096,2441,0.09586235149528882
42101038100,57,5.2,57,0.072,796,0.07160804020100503
42101038200,239,9.8,239,0.093,2580,0.09263565891472868
42101038300,195,4,195,0.052,3744,0.052083333333333336
42101038400,486,16.9,486,0.198,2449,0.19844834626378113
42101038500,452,21.4,452,0.242,1866,0.2422293676312969
42101038600,344,21.5,344,0.244,1410,0.24397163120567375
42101038700,585,19.3,585,0.227,2572,0.22744945567651634
42101038800,730,17.9,730,0.187,3895,0.18741976893453144
42101038900,571,14.6,571,0.18,3181,0.17950330084878968
42101039000,504,4.3,504,0.054,9285,0.054281098546042
42101980000,12,0.8,12,0.012,1026,0.011695906432748537
42101980100,34,28.1,34,0.318,107,0.3177570093457944
42101980200,324,16.5,324,0.453,715,0.45314685314685316
42101989100,33,1.3,33,0.011,2926,0.011278195488721804
